<?xml version="1.0" encoding="UTF-8"?>

<odoo>
    <data noupdate="0">
        <!-- Exam Demo Data -->
        <record id="exam_exam_finalexam0" model="exam.exam">
            <field name="exam_code" eval="time.strftime('%Y-%m-03')"/>
            <field name="name">Final Exam</field>
            <field name="state">finished</field>
            <field name="grade_system" ref="school_mngment_sgt.demo_student_grade_1"/>
            <field name="end_date" eval="time.strftime('%Y-03-09')"/>
            <field name="start_date" eval="time.strftime('%Y-03-06')"/>
            <field eval="[(6,0,[ref('school_mngment_sgt.demo_standard_standard_1')])]" name="standard_id"/>
            <field name="academic_year" ref="school_mngment_sgt.demo_academic_year_3"/>
        </record>
        <record id="time_table_finalexamtimetable0" model="time.table">
            <field name="name">Final Exam Timetable</field>
            <field name="standard_id" ref="school_mngment_sgt.demo_school_standard_1"/>
            <field name="timetable_type">exam</field>
            <field name="year_id" ref="school_mngment_sgt.demo_academic_year_1"/>
            <field model="exam.exam" name="exam_id" search="[('name', '=', u'Final Exam')]"/>
        </record>
        <record id="exam_schedule_line_record" model="exam.schedule.line">
            <field name="standard_id" ref="school_mngment_sgt.demo_school_standard_1"/>
            <field name="exam_id" ref="school_mngment_sgt.exam_exam_finalexam0"/>
            <field name="timetable_id" ref="school_mngment_sgt.time_table_finalexamtimetable0"/>
        </record>
        <record id="time_table_line_0" model="time.table.line">
            <field name="teacher_id" ref="school_mngment_sgt.demo_school_teacher_1"/>
            <field name="subject_id" ref="school_mngment_sgt.demo_subject_subject_1"/>
            <field name="exm_date" eval="time.strftime('%Y-03-06')"/>
            <field name="week_day" eval="datetime.strptime(time.strftime('%Y-03-06'), '%Y-%m-%d').strftime('%A').lower()"/>
            <field model="time.table" name="table_id" search="[('name', '=', u'Final Exam Timetable')]"/>
            <field eval="12.0" name="end_time"/>
            <field eval="10.0" name="start_time"/>
        </record>
        <record id="time_table_line_1" model="time.table.line">
            <field name="teacher_id" ref="school_mngment_sgt.demo_school_teacher_2"/>
            <field name="subject_id" ref="school_mngment_sgt.demo_subject_subject_2"/>
            <field name="exm_date" eval="time.strftime('%Y-03-07')"/>
            <field name="week_day" eval="datetime.strptime(time.strftime('%Y-03-07'), '%Y-%m-%d').strftime('%A').lower()"/>
            <field model="time.table" name="table_id" search="[('name', '=', u'Final Exam Timetable')]"/>
            <field eval="12.0" name="end_time"/>
            <field eval="10.0" name="start_time"/>
        </record>
        <record id="time_table_line_2" model="time.table.line">
            <field name="teacher_id" ref="school_mngment_sgt.demo_school_teacher_3"/>
            <field name="subject_id" ref="school_mngment_sgt.demo_subject_subject_3"/>
            <field name="exm_date" eval="time.strftime('%Y-03-08')"/>
            <field name="week_day" eval="datetime.strptime(time.strftime('%Y-03-08'), '%Y-%m-%d').strftime('%A').lower()"/>
            <field model="time.table" name="table_id" search="[('name', '=', u'Final Exam Timetable')]"/>
            <field eval="12.0" name="end_time"/>
            <field eval="10.0" name="start_time"/>
        </record>
        <record id="time_table_line_3" model="time.table.line">
            <field name="teacher_id" ref="school_mngment_sgt.demo_school_teacher_1"/>
            <field name="subject_id" ref="school_mngment_sgt.demo_subject_subject_5"/>
            <field name="exm_date" eval="time.strftime('%Y-03-09')"/>
            <field name="week_day" eval="datetime.strptime(time.strftime('%Y-03-09'), '%Y-%m-%d').strftime('%A').lower()"/>
            <field model="time.table" name="table_id" search="[('name', '=', u'Final Exam Timetable')]"/>
            <field eval="12.0" name="end_time"/>
            <field eval="10.0" name="start_time"/>
        </record>

        <!-- Exam Result Demo Data -->
        <record id="exam_result_1" model="exam.result">
            <field name="student_id" ref="school_mngment_sgt.demo_student_student_7"/>
            <field name="s_exam_ids" ref="school_mngment_sgt.exam_exam_finalexam0"/>
            <field name="standard_id" ref="school_mngment_sgt.demo_school_standard_1"/>
            <field name="grade_system" ref="school_mngment_sgt.demo_student_grade_1"/>
        </record>
        <record id="exam_result_2" model="exam.result">
            <field name="student_id" ref="school_mngment_sgt.demo_student_student_5"/>
            <field name="s_exam_ids" ref="school_mngment_sgt.exam_exam_finalexam0"/>
            <field name="standard_id" ref="school_mngment_sgt.demo_school_standard_2"/>
            <field name="result">Pass</field>
            <field name="grade_system" ref="school_mngment_sgt.demo_student_grade_1"/>
        </record>
        <record id="exam_result_3" model="exam.result">
            <field name="student_id" ref="school_mngment_sgt.demo_student_student_6"/>
            <field name="s_exam_ids" ref="school_mngment_sgt.exam_exam_finalexam0"/>
            <field name="standard_id" ref="school_mngment_sgt.demo_school_standard_3"/>
            <field name="grade_system" ref="school_mngment_sgt.demo_student_grade_1"/>
        </record>
        <record id="exam_result_4" model="exam.result">
            <field name="student_id" ref="school_mngment_sgt.demo_student_student_4"/>
            <field name="s_exam_ids" ref="school_mngment_sgt.exam_exam_finalexam0"/>
            <field name="standard_id" ref="school_mngment_sgt.demo_school_standard_3"/>
            <field name="grade_system" ref="school_mngment_sgt.demo_student_grade_1"/>
        </record>
        <record id="exam_result_5" model="exam.result">
            <field name="student_id" ref="school_mngment_sgt.demo_student_student_8"/>
            <field name="s_exam_ids" ref="school_mngment_sgt.exam_exam_finalexam0"/>
            <field name="standard_id" ref="school_mngment_sgt.demo_school_standard_1"/>
            <field name="grade_system" ref="school_mngment_sgt.demo_student_grade_1"/>
        </record>
        <!-- Exam Subject Demo Data -->
        <record id="exm_subject_0" model="exam.subject">
            <field eval="100.0" name="maximum_marks"/>
            <field name="exam_id" ref="school_mngment_sgt.exam_result_1"/>
            <field eval="40.0" name="minimum_marks"/>
            <field eval="80.0" name="obtain_marks"/>
            <field name="subject_id" ref="school_mngment_sgt.demo_subject_subject_1"/>
        </record>
        <record id="exm_subject_1" model="exam.subject">
            <field eval="100.0" name="maximum_marks"/>
            <field name="exam_id" ref="school_mngment_sgt.exam_result_2"/>
            <field eval="40.0" name="minimum_marks"/>
            <field eval="98.0" name="obtain_marks"/>
            <field name="subject_id" ref="school_mngment_sgt.demo_subject_subject_2"/>
        </record>
        <record id="exm_subject_2" model="exam.subject">
            <field eval="100.0" name="maximum_marks"/>
            <field name="exam_id" ref="school_mngment_sgt.exam_result_3"/>
            <field eval="40.0" name="minimum_marks"/>
            <field eval="88.0" name="obtain_marks"/>
            <field name="subject_id" ref="school_mngment_sgt.demo_subject_subject_3"/>
        </record>
        <record id="exm_subject_3" model="exam.subject">
            <field eval="100.0" name="maximum_marks"/>
            <field name="exam_id" ref="school_mngment_sgt.exam_result_4"/>
            <field eval="40.0" name="minimum_marks"/>
            <field eval="97.0" name="obtain_marks"/>
            <field name="subject_id" ref="school_mngment_sgt.demo_subject_subject_5"/>
        </record>
        <record id="exm_subject_4" model="exam.subject">
            <field eval="100.0" name="maximum_marks"/>
            <field name="exam_id" ref="school_mngment_sgt.exam_result_5"/>
            <field eval="40.0" name="minimum_marks"/>
            <field eval="50.0" name="obtain_marks"/>
            <field name="subject_id" ref="school_mngment_sgt.demo_subject_subject_1"/>
        </record>
        <record id="exm_subject_5" model="exam.subject">
            <field eval="100.0" name="maximum_marks"/>
            <field name="exam_id" ref="school_mngment_sgt.exam_result_1"/>
            <field eval="40.0" name="minimum_marks"/>
            <field eval="35.0" name="obtain_marks"/>
            <field name="subject_id" ref="school_mngment_sgt.demo_subject_subject_2"/>
        </record>
        <record id="exm_subject_6" model="exam.subject">
            <field eval="100.0" name="maximum_marks"/>
            <field name="exam_id" ref="school_mngment_sgt.exam_result_2"/>
            <field eval="40.0" name="minimum_marks"/>
            <field eval="48.0" name="obtain_marks"/>
            <field name="subject_id" ref="school_mngment_sgt.demo_subject_subject_3"/>
        </record>
        <record id="exm_subject_7" model="exam.subject">
            <field eval="100.0" name="maximum_marks"/>
            <field name="exam_id" ref="school_mngment_sgt.exam_result_3"/>
            <field eval="40.0" name="minimum_marks"/>
            <field eval="42.0" name="obtain_marks"/>
            <field name="subject_id" ref="school_mngment_sgt.demo_subject_subject_5"/>
        </record>

        <!-- Bactchwise Exam Result -->
        <record id="batchwise_exam_result_1" model="exam.batchwise.result">
            <field name="year" ref="school_mngment_sgt.demo_academic_year_1"/>
            <field name="standard_id" ref="school_mngment_sgt.demo_school_standard_1"/>
        </record>
        <record id="batchwise_exam_result_2" model="exam.batchwise.result">
            <field name="year" ref="school_mngment_sgt.demo_academic_year_2"/>
            <field name="standard_id" ref="school_mngment_sgt.demo_school_standard_2"/>
        </record>
        <record id="batchwise_exam_result_3" model="exam.batchwise.result">
            <field name="year" ref="school_mngment_sgt.demo_academic_year_3"/>
            <field name="standard_id" ref="school_mngment_sgt.demo_school_standard_3"/>
        </record>
    </data>
</odoo>
