<odoo>
    <data>

        <record id="module_category_school_transortation" model="ir.module.category">
            <field name="name">School Transportation</field>
            <field name="sequence">25</field>
        </record>

         <record id="group_transportation_manager" model="res.groups">
            <field name="name">Transport Manager</field>
            <field name="category_id" ref="module_category_school_transortation"/>
            <field name="users" eval="[(4, ref('base.user_root')),(4, ref('base.user_admin'))]"/>
        </record>

        <record id="group_transportation_user" model="res.groups">
            <field name="name">Transport User</field>
            <field name="category_id" ref="module_category_school_transortation"/>
        </record>

        <!-- Record Rule parents can see transport details of own child -->
        <record id="parent_transport_record_rule" model="ir.rule">
            <field name="name">Parent Transport Record Rule</field>
            <field name="model_id" ref="model_transport_participant"/>
            <field name="global" eval="True"/>
            <field name="domain_force">[('name.parent_id.partner_id','=',user.partner_id.id)]</field>
            <field name="groups" eval="[(4, ref('school.group_school_parent'))]"/>
        </record>

        <!-- Record Rule Student can see transport details -->
        <record id="student_transport_record_rule" model="ir.rule">
            <field name="name">Student Transport Record Rule</field>
            <field name="model_id" ref="model_transport_participant"/>
            <field name="global" eval="True"/>
            <field name="domain_force">[('name.user_id','=',user.id)]</field>
            <field name="groups" eval="[(4, ref('school.group_school_student'))]"/>
        </record>

        <!-- Record Rule Student can see own Registration -->
        <record id="transport_registration_student" model="ir.rule">
            <field name="name">Student Registration Record Rule</field>
            <field name="model_id" ref="model_transport_registration"/>
            <field name="global" eval="True"/>
            <field name="domain_force">[('student_id.user_id','=',user.id)]</field>
            <field name="groups" eval="[(4, ref('school.group_school_student'))]"/>
        </record>

        <!-- Record Rule Parent can see transport registration of own child-->
        <record id="transport_registration_student_for_parent" model="ir.rule">
            <field name="name">Parent can see student registration Record Rule</field>
            <field name="model_id" ref="model_transport_registration"/>
            <field name="global" eval="True"/>
            <field name="domain_force">[('student_id.parent_id.partner_id','=',user.partner_id.id)]</field>
            <field name="groups" eval="[(4, ref('school.group_school_parent'))]"/>
        </record>

        <!-- Record Rule for School admin in Transport Registration -->
        <record id="transport_registration_admin" model="ir.rule">
            <field name="name">Student Registration Record Rule</field>
            <field name="model_id" ref="model_transport_registration"/>
            <field name="global" eval="True"/>
            <field name="domain_force">[(1, '=', 1)]</field>
            <field name="groups" eval="[(4, ref('school.group_school_administration'))]"/>
        </record>
    </data>
</odoo>
