<?xml version="1.0" encoding="utf-8"?>
<odoo>
    <data>
        <record id="approved_email_template" model="mail.template">
            <field name="name">HR Announcement Approval</field>
            <field name="subject">Approval of HR Announcement</field>
            <field name="email_from">{{ (object.company_id.email) }}</field>
            <field name="email_to">{{object.employee_ids.mapped('work_email')}}</field>
            <field name="model_id" ref="model_hr_announcement"/>
            <field name="auto_delete" eval="True"/>
            <field name="body_html"><![CDATA[
                <p>
                <p>Hello,</p>
                <p>Your HR announcement with the title <strong><t t-out="object.announcement_reason"/></strong> has been approved.</p>
                <p>Start Date: <t t-out="object.date_start"/></p>
                <p>End Date: <t t-out="object.date_end"/</p>
                <p>Thank you.</p>
                ]]>

            </field>
        </record>
    </data>
</odoo>
